hello,strategy_choice,menu,str_info,stock_choice,time,off_signals,feedback,strategy,errors,signal
"–ü—Ä–∏–≤–µ—Ç, —è –¢–æ—Ä–≥–æ–≤—ã–π –±–æ—Ç!
–Ø —Å–æ–∑–¥–∞–Ω –¥–ª—è —Ç–æ–≥–æ, —á—Ç–æ–±—ã —É–≤–µ–¥–æ–º–ª—è—Ç—å –æ —Å–∏–≥–Ω–∞–ª–∞—Ö –∏ –ø–æ–º–æ–≥–∞—Ç—å –∑–∞—Ä–∞–±–∞—Ç—ã–≤–∞—Ç—å –Ω–∞ —Å—Ç—Ä–∞—Ç–µ–≥–∏—è—Ö –Ω–∞ –±–∞–∑–µ —Ç–µ—Ö–Ω–∏—á–µ—Å–∫–æ–≥–æ –∞–Ω–∞–ª–∏–∑–∞. –Ø –∞–Ω–∞–ª–∏–∑–∏—Ä—É—é 1500 –∞–∫—Ü–∏–π –∏ –æ—Ç–ø—Ä–∞–≤–ª—è—é —Å–∏–≥–Ω–∞–ª—ã –ø–æ –æ–¥–Ω–æ–π –∏–∑ –≤—ã–±—Ä–∞–Ω–Ω—ã—Ö –í–∞–º–∏ —Å—Ç–∞—Ä—Ç–µ–≥–∏–π –≤ –ª—é–±–æ–µ —É–¥–æ–±–Ω–æ–µ –≤—Ä–µ–º—è. 
–î–ª—è –Ω–∞—á–∞–ª–∞ –Ω–∞–∂–º–∏ ""–ó–∞–ø—É—Å—Ç–∏—Ç—å"" –Ω–∏–∂–µ",–î–∞–≤–∞–π—Ç–µ –≤—ã–±–µ—Ä–µ–º —Å—Ç—Ä–∞—Ç–µ–≥–∏—é –∏ –ø–æ–¥–∫–ª—é—á–∏–º –µ—ë.,"‚úÖ–ü–æ–¥–∫–ª—é—á–µ–Ω–∞ —Å—Ç—Ä–∞—Ç–µ–≥–∏—è <b>–ü–µ—Ä–µ–ø—Ä–æ–¥–∞–Ω–Ω–æ—Å—Ç—å –ø–æ RSI</b>! –û–∂–∏–¥–∞–π—Ç–µ –¥–æ—Å—Ç–∞–≤–∫–∏ –ø–µ—Ä–≤—ã—Ö —É–≤–µ–¥–æ–º–ª–µ–Ω–∏–π.
–ù–∞–∂–º–∏—Ç–µ /strategy –¥–ª—è –ø–æ–¥–∫–ª—é—á–µ–Ω–∏—è –µ—â—ë –æ–¥–Ω–æ–π —Å—Ç—Ä–∞—Ç–µ–≥–∏–∏ 
/off –¥–ª—è –æ—Ç–∫–ª—é—á–µ–Ω–∏—è —Å–∏–≥–Ω–∞–ª–æ–≤ 

–û–∂–∏–¥–∞–µ–º–æ–µ –∫–æ–ª–∏—á–µ—Å—Ç–≤–æ —É–≤–µ–¥–æ–º–ª–µ–Ω–∏–π –≤ –¥–µ–Ω—å: –æ–∫–æ–ª–æ 8—à—Ç.
–ú–æ–∂–µ—Ç–µ –∏–∑–º–µ–Ω–∏—Ç—å: 
–ù–∞–±–æ—Ä –±—É–º–∞–≥ /stock
–í—Ä–µ–º—è –æ—Ç–ø—Ä–∞–≤–∫–∏ —Å–∏–≥–Ω–∞–ª–æ–≤ /time 
 
üìç–ß–µ—Ä–µ–∑ 5 —Å–µ–∫—É–Ω–¥ –ø—Ä–∏—à–ª–µ–º 3 –ø–æ—Å–ª–µ–¥–Ω–∏—Ö —Å–∏–≥–Ω–∞–ª–∞, –∫–∞–∫ –ø—Ä–∏–º–µ—Ä —Ä–∞–±–æ—Ç—ã —Å—Ç—Ä–∞—Ç–µ–≥–∏–∏",https://telegra.ph/Strategiya-Pereprodannost-po-RSI-05-26,–ú–æ–∂–Ω–æ –ø–æ–ª—É—á–∞—Ç—å —É–≤–µ–¥–æ–º–ª–µ–Ω–∏—è –ø–æ –∫–æ–Ω–∫—Ä–µ—Ç–Ω–æ–º—É –∏–Ω–¥–µ–∫—Å—É. –ö–∞–∫–æ–π –≤—ã–±–µ—Ä–µ–º?,"–í –∫–∞–∫–æ–µ –≤—Ä–µ–º—è –º–æ–≥—É—Ç –ø—Ä–∏—Ö–æ–¥–∏—Ç—å —É–≤–µ–¥–æ–º–ª–µ–Ω–∏—è? 

–í–≤–µ–¥–∏—Ç–µ –∏–Ω—Ç–µ—Ä–≤–∞–ª –æ—Ç 0 –¥–æ 24

–ü—Ä–∏–º–µ—Ä —Å–æ–æ–±—â–µ–Ω–∏—è:
8-13",–°–∏–≥–Ω–∞–ª—ã –≤—ã–∫–ª—é—á–µ–Ω—ã ‚ùå,"–ü–æ–∂–∞–ª—É–π—Å—Ç–∞, –æ—Ü–µ–Ω–∏—Ç–µ —Ä–∞–±–æ—Ç—É –¢–æ—Ä–≥–æ–≤–æ–≥–æ –±–æ—Ç–∞","–•–æ—Ä–æ—à–æ, –¥–∞–≤–∞–π –≤—ã–±–µ—Ä–µ–º –¥—Ä—É–≥—É—é —Å—Ç—Ä–∞—Ç–µ–≥–∏—é –∏ –ø–æ–¥–∫–ª—é—á–∏–º –µ—ë.",–í—Ä–µ–º—è –Ω–∞–ø–∏—Å–∞–Ω–æ –Ω–µ–∫–æ—Ä—Ä–µ–∫—Ç–Ω–æ ‚õî,üî¥Sell
"–ù–∞ –¥–∞–Ω–Ω—ã–π –º–æ–º–µ–Ω—Ç —è —É–º–µ—é —Ä–∞–±–æ—Ç–∞—Ç—å —Å –¥–≤—É–º—è —Å—Ç—Ä–∞—Ç–µ–≥–∏—è–º–∏.
–í—ã –º–æ–∂–µ—Ç–µ –Ω–∞–∂–∞—Ç—å –Ω–∞ —Ñ–∏–æ–ª–µ—Ç–æ–≤—ã–µ –≥–∏–ø–µ—Ä-—Å—Å—ã–ª–∫–∏, —á—Ç–æ–±—ã —É–∑–Ω–∞—Ç—å –æ —Å—Ç—Ä–∞—Ç–µ–≥–∏—è—Ö –±–æ–ª—å—à–µ:",–ü–µ—Ä–µ–ø—Ä–æ–¥–∞–Ω–Ω–æ—Å—Ç—å –ø–æ RSI,"‚úÖ–ü–æ–¥–∫–ª—é—á–µ–Ω–∞ —Å—Ç—Ä–∞—Ç–µ–≥–∏—è <b>–°–∫–æ–ª—å–∑—è—â–µ–µ —Å—Ä–µ–¥–Ω–µ–µ (cross-SMA)</b>! –û–∂–∏–¥–∞–π—Ç–µ –¥–æ—Å—Ç–∞–≤–∫–∏ –ø–µ—Ä–≤—ã—Ö —É–≤–µ–¥–æ–º–ª–µ–Ω–∏–π.
–ù–∞–∂–º–∏—Ç–µ /strategy –¥–ª—è –ø–æ–¥–∫–ª—é—á–µ–Ω–∏—è –µ—â—ë –æ–¥–Ω–æ–π —Å—Ç—Ä–∞—Ç–µ–≥–∏–∏ 
/off –¥–ª—è –æ—Ç–∫–ª—é—á–µ–Ω–∏—è —Å–∏–≥–Ω–∞–ª–æ–≤ 

–û–∂–∏–¥–∞–µ–º–æ–µ –∫–æ–ª–∏—á–µ—Å—Ç–≤–æ —É–≤–µ–¥–æ–º–ª–µ–Ω–∏–π –≤ –¥–µ–Ω—å: –æ–∫–æ–ª–æ 8—à—Ç.
–ú–æ–∂–µ—Ç–µ –∏–∑–º–µ–Ω–∏—Ç—å: 
–ù–∞–±–æ—Ä –±—É–º–∞–≥ /stock
–í—Ä–µ–º—è –æ—Ç–ø—Ä–∞–≤–∫–∏ —Å–∏–≥–Ω–∞–ª–æ–≤ /time
 
üìç–ß–µ—Ä–µ–∑ 5 —Å–µ–∫—É–Ω–¥ –ø—Ä–∏—à–ª–µ–º 3 –ø–æ—Å–ª–µ–¥–Ω–∏—Ö —Å–∏–≥–Ω–∞–ª–∞, –∫–∞–∫ –ø—Ä–∏–º–µ—Ä —Ä–∞–±–æ—Ç—ã —Å—Ç—Ä–∞—Ç–µ–≥–∏–∏",https://telegra.ph/Strategiya-Srednee-skolzyashchee-SMA-05-27,NASDAQ-100,"üïì–ë–µ–∑ –æ–≥—Ä–∞–Ω–∏—á–µ–Ω–∏–π.
–£–≤–µ–¥–æ–º–ª–µ–Ω–∏—è –±—É–¥—É—Ç –ø—Ä–∏—Ö–æ–¥–∏—Ç—å –≤ –ª—é–±–æ–µ –≤—Ä–µ–º—è –¥–Ω—è –∏ –Ω–æ—á–∏",,–ú—ã –±—É–¥–µ–º —Ä–∞–¥—ã –ª—é–±—ã–º –≤–∞—à–∏–º –æ—Ç–∑—ã–≤–∞–º –∏ –ø—Ä–µ–¥–ª–æ–∂–µ–Ω–∏—è–º. –ü—Ä–æ—Å—Ç–æ –Ω–∞–ø–∏—à–∏—Ç–µ –∏—Ö –Ω–∏–∂–µ üîΩ,,"–í–≤–µ–¥–∏—Ç–µ –∏–Ω—Ç–µ—Ä–≤–∞–ª –æ—Ç 0 –¥–æ 24

–ü—Ä–∏–º–µ—Ä —Å–æ–æ–±—â–µ–Ω–∏—è:
8-13",üü¢Buy
–î–∞–≤–∞–π—Ç–µ –≤—ã–±–µ—Ä–µ–º —Å—Ç—Ä–∞—Ç–µ–≥–∏—é! üòé,–°—Ä–µ–¥–Ω–µ–µ —Å–∫–æ–ª—å–∑—è—â–µ–µ (cross-SMA),,,S&P 500,–ë–µ–∑ –æ–≥—Ä–∞–Ω–∏—á–µ–Ω–∏–π,,"–°–ø–∞—Å–∏–±–æ! –ù–∞–º –æ—á–µ–Ω—å –ø—Ä–∏—è—Ç–Ω–æ, —á—Ç–æ –±–æ—Ç –≤–∞–º –ø–æ–º–æ–≥ üëç",,,üìçRSI –¥–æ—Å—Ç–∏–≥ –Ω–∏–∂–Ω–µ–≥–æ —É—Ä–æ–≤–Ω—è
,–ü–æ —Å—Å—ã–ª–∫–∞–º –Ω–∏–∂–µ –≤—ã —Å–º–æ–∂–µ—Ç–µ —É–∑–Ω–∞—Ç—å –æ —Å—Ç—Ä–∞—Ç–µ–≥–∏—è—Ö –±–æ–ª—å—à–µ:,,,–£—Å–ø–µ—à–Ω–æ! –¢–µ–ø–µ—Ä—å —É–≤–µ–¥–æ–º–ª–µ–Ω–∏—è –±—É–¥—É—Ç –ø—Ä–∏—Ö–æ–¥–∏—Ç—å —Ç–æ–ª—å–∫–æ –ø–æ –∞–∫—Ü–∏—è–º –∏–Ω–¥–µ–∫—Å–∞ NASDAQ-100 üëç,,,"–ñ–∞–ª—å, —á—Ç–æ –±–æ—Ç –Ω–µ —Å–º–æ–≥ –≤–∞–º –ø–æ–º–æ—á—å üòî 
–ú—ã –±—É–¥–µ–º —Ä–∞–¥—ã –ø–æ–ª—É—á–∏—Ç—å —Ä–∞–∑–≤—ë—Ä–Ω—É—Ç—ã–π –æ—Ç–∑—ã–≤. –ü—Ä–æ—Å—Ç–æ –Ω–∞–ø–∏—à–∏—Ç–µ —Å–æ–æ–±—â–µ–Ω–∏–µ –Ω–∏–∂–µ üîΩ",,,üìçRSI –¥–æ—Å—Ç–∏–≥ –≤–µ—Ä—Ö–Ω–µ–≥–æ —É—Ä–æ–≤–Ω—è
,,,,–£—Å–ø–µ—à–Ω–æ! –¢–µ–ø–µ—Ä—å —É–≤–µ–¥–æ–º–ª–µ–Ω–∏—è –±—É–¥—É—Ç –ø—Ä–∏—Ö–æ–¥–∏—Ç—å —Ç–æ–ª—å–∫–æ –ø–æ –∞–∫—Ü–∏—è–º –∏–Ω–¥–µ–∫—Å–∞ S&P500 üëç,,,,,,‚Üò CROSS-SMA
,,,,–£—Å–ø–µ—à–Ω–æ! –¢–µ–ø–µ—Ä—å —É–≤–µ–¥–æ–º–ª–µ–Ω–∏—è –±—É–¥—É—Ç –ø—Ä–∏—Ö–æ–¥–∏—Ç—å –ø–æ –≤—Å–µ–º –∞–∫—Ü–∏—è–º –º–∏—Ä–∞ üëç,,,,,,‚Üó CROSS-SMA