hello,strategy_choice,menu,str_info,off_signals,feedback,strategy,signal
"–ü—Ä–∏–≤–µ—Ç, —è –¢–æ—Ä–≥–æ–≤—ã–π –±–æ—Ç!
–Ø —Å–æ–∑–¥–∞–Ω –¥–ª—è —Ç–æ–≥–æ, —á—Ç–æ–±—ã —É–≤–µ–¥–æ–º–ª—è—Ç—å –æ —Å–∏–≥–Ω–∞–ª–∞—Ö –∏ –ø–æ–º–æ–≥–∞—Ç—å –∑–∞—Ä–∞–±–∞—Ç—ã–≤–∞—Ç—å –Ω–∞ —Å—Ç—Ä–∞—Ç–µ–≥–∏—è—Ö –Ω–∞ –±–∞–∑–µ —Ç–µ—Ö–Ω–∏—á–µ—Å–∫–æ–≥–æ –∞–Ω–∞–ª–∏–∑–∞. –Ø –∞–Ω–∞–ª–∏–∑–∏—Ä—É—é 1500 –∞–∫—Ü–∏–π –∏ –æ—Ç–ø—Ä–∞–≤–ª—è—é —Å–∏–≥–Ω–∞–ª—ã –ø–æ –æ–¥–Ω–æ–π –∏–∑ –≤—ã–±—Ä–∞–Ω–Ω—ã—Ö –í–∞–º–∏ —Å—Ç–∞—Ä—Ç–µ–≥–∏–π. 
–î–ª—è –Ω–∞—á–∞–ª–∞ –Ω–∞–∂–º–∏ /start",–î–∞–≤–∞–π—Ç–µ –≤—ã–±–µ—Ä–µ–º —Å—Ç—Ä–∞—Ç–µ–≥–∏—é –∏ –ø–æ–¥–∫–ª—é—á–∏–º –µ—ë.,"‚úÖ–ü–æ–¥–∫–ª—é—á–µ–Ω–∞ —Å—Ç—Ä–∞—Ç–µ–≥–∏—è <b>–ü–µ—Ä–µ–ø—Ä–æ–¥–∞–Ω–Ω–æ—Å—Ç—å –ø–æ RSI</b>! –û–∂–∏–¥–∞–π—Ç–µ –¥–æ—Å—Ç–∞–≤–∫–∏ –ø–µ—Ä–≤—ã—Ö —É–≤–µ–¥–æ–º–ª–µ–Ω–∏–π.
–ù–∞–∂–º–∏—Ç–µ /strategy –¥–ª—è –ø–æ–¥–∫–ª—é—á–µ–Ω–∏—è –µ—â—ë –æ–¥–Ω–æ–π —Å—Ç—Ä–∞—Ç–µ–≥–∏–∏ 
/off –¥–ª—è –æ—Ç–∫–ª—é—á–µ–Ω–∏—è —Å–∏–≥–Ω–∞–ª–æ–≤ 

–û–∂–∏–¥–∞–µ–º–æ–µ –∫–æ–ª–∏—á–µ—Å—Ç–≤–æ —É–≤–µ–¥–æ–º–ª–µ–Ω–∏–π –≤ –¥–µ–Ω—å: –æ–∫–æ–ª–æ 8—à—Ç.
 
üìç–ß–µ—Ä–µ–∑ 5 —Å–µ–∫—É–Ω–¥ –ø—Ä–∏—à–ª–µ–º 3 –ø–æ—Å–ª–µ–¥–Ω–∏—Ö —Å–∏–≥–Ω–∞–ª–∞, –∫–∞–∫ –ø—Ä–∏–º–µ—Ä —Ä–∞–±–æ—Ç—ã —Å—Ç—Ä–∞—Ç–µ–≥–∏–∏",https://telegra.ph/Strategiya-Pereprodannost-po-RSI-05-26,–°–∏–≥–Ω–∞–ª—ã –≤—ã–∫–ª—é—á–µ–Ω—ã ‚ùå,"–ü–æ–∂–∞–ª—É–π—Å—Ç–∞, –æ—Ü–µ–Ω–∏ —Ä–∞–±–æ—Ç—É –¢–æ—Ä–≥–æ–≤–æ–≥–æ –±–æ—Ç–∞","–•–æ—Ä–æ—à–æ, –¥–∞–≤–∞–π –≤—ã–±–µ—Ä–µ–º –¥—Ä—É–≥—É—é —Å—Ç—Ä–∞—Ç–µ–≥–∏—é –∏ –ø–æ–¥–∫–ª—é—á–∏–º –µ—ë.",üî¥Sell
"–ù–∞ –¥–∞–Ω–Ω—ã–π –º–æ–º–µ–Ω—Ç —è —É–º–µ—é —Ä–∞–±–æ—Ç–∞—Ç—å —Å –¥–≤—É–º—è —Å—Ç—Ä–∞—Ç–µ–≥–∏—è–º–∏.
–ß—Ç–æ–±—ã —É–∑–Ω–∞—Ç—å –æ —Å—Ç—Ä–∞—Ç–µ–≥–∏—è—Ö –±–æ–ª—å—à–µ, –Ω–∞–∂–º–∏ –Ω–∞ —Ñ–∏–æ–ª–µ—Ç–æ–≤—ã–µ –≥–∏–ø–µ—Ä-—Å—Å—ã–ª–∫–∏:",–ü–µ—Ä–µ–ø—Ä–æ–¥–∞–Ω–Ω–æ—Å—Ç—å –ø–æ RSI,"‚úÖ–ü–æ–¥–∫–ª—é—á–µ–Ω–∞ —Å—Ç—Ä–∞—Ç–µ–≥–∏—è <b>–°–∫–æ–ª—å–∑—è—â–µ–µ —Å—Ä–µ–¥–Ω–µ–µ (cross-SMA)</b>! –û–∂–∏–¥–∞–π—Ç–µ –¥–æ—Å—Ç–∞–≤–∫–∏ –ø–µ—Ä–≤—ã—Ö —É–≤–µ–¥–æ–º–ª–µ–Ω–∏–π.
–ù–∞–∂–º–∏—Ç–µ /strategy –¥–ª—è –ø–æ–¥–∫–ª—é—á–µ–Ω–∏—è –µ—â—ë –æ–¥–Ω–æ–π —Å—Ç—Ä–∞—Ç–µ–≥–∏–∏ 
/off –¥–ª—è –æ—Ç–∫–ª—é—á–µ–Ω–∏—è —Å–∏–≥–Ω–∞–ª–æ–≤ 

–û–∂–∏–¥–∞–µ–º–æ–µ –∫–æ–ª–∏—á–µ—Å—Ç–≤–æ —É–≤–µ–¥–æ–º–ª–µ–Ω–∏–π –≤ –¥–µ–Ω—å: –æ–∫–æ–ª–æ 8—à—Ç.
 
üìç–ß–µ—Ä–µ–∑ 5 —Å–µ–∫—É–Ω–¥ –ø—Ä–∏—à–ª–µ–º 3 –ø–æ—Å–ª–µ–¥–Ω–∏—Ö —Å–∏–≥–Ω–∞–ª–∞, –∫–∞–∫ –ø—Ä–∏–º–µ—Ä —Ä–∞–±–æ—Ç—ã —Å—Ç—Ä–∞—Ç–µ–≥–∏–∏",https://telegra.ph/Strategiya-Srednee-skolzyashchee-SMA-05-27,,–ú—ã –±—É–¥–µ–º —Ä–∞–¥—ã –ª—é–±—ã–º –æ—Ç–∑—ã–≤–∞–º –∏ –ø—Ä–µ–¥–ª–æ–∂–µ–Ω–∏—è–º. –ü—Ä–æ—Å—Ç–æ –Ω–∞–ø–∏—à–∏ –∏—Ö –Ω–∏–∂–µ üîΩ,,üü¢Buy
–î–∞–≤–∞–π—Ç–µ –≤—ã–±–µ—Ä–µ–º —Å—Ç—Ä–∞—Ç–µ–≥–∏—é! üòé,–°—Ä–µ–¥–Ω–µ–µ —Å–∫–æ–ª—å–∑—è—â–µ–µ (cross-SMA),,,,"–°–ø–∞—Å–∏–±–æ! –ù–∞–º –æ—á–µ–Ω—å –ø—Ä–∏—è—Ç–Ω–æ, —á—Ç–æ –±–æ—Ç –ø–æ–º–æ–≥ üëç",,üìçRSI –¥–æ—Å—Ç–∏–≥ –Ω–∏–∂–Ω–µ–≥–æ —É—Ä–æ–≤–Ω—è
,–ü–æ —Å—Å—ã–ª–∫–∞–º –Ω–∏–∂–µ –º–æ–∂–Ω–æ —É–∑–Ω–∞—Ç—å –æ —Å—Ç—Ä–∞—Ç–µ–≥–∏—è—Ö –±–æ–ª—å—à–µ:,,,,"–ñ–∞–ª—å, —á—Ç–æ –±–æ—Ç –Ω–µ —Å–º–æ–≥ –ø–æ–º–æ—á—å üòî 
–ú—ã –±—É–¥–µ–º —Ä–∞–¥—ã –ø–æ–ª—É—á–∏—Ç—å —Ä–∞–∑–≤—ë—Ä–Ω—É—Ç—ã–π –æ—Ç–∑—ã–≤. –ü—Ä–æ—Å—Ç–æ –Ω–∞–ø–∏—à–∏ —Å–æ–æ–±—â–µ–Ω–∏–µ –Ω–∏–∂–µ üîΩ",,üìçRSI –¥–æ—Å—Ç–∏–≥ –≤–µ—Ä—Ö–Ω–µ–≥–æ —É—Ä–æ–≤–Ω—è
,,,,,,,‚Üò CROSS-SMA
,,,,,,,‚Üó CROSS-SMA