hello,strategy_choice,answer_without_commands,menu,str_info,stock_choice,time,off_signals,feedback,strategy,errors,signal
"–ü—Ä–∏–≤–µ—Ç, —è –¢–æ—Ä–≥–æ–≤—ã–π –±–æ—Ç!
–Ø —Å–æ–∑–¥–∞–Ω –¥–ª—è —Ç–æ–≥–æ, —á—Ç–æ–±—ã —É–≤–µ–¥–æ–º–ª—è—Ç—å –æ —Å–∏–≥–Ω–∞–ª–∞—Ö –∏ –ø–æ–º–æ–≥–∞—Ç—å –∑–∞—Ä–∞–±–∞—Ç—ã–≤–∞—Ç—å –Ω–∞ —Å—Ç—Ä–∞—Ç–µ–≥–∏—è—Ö –Ω–∞ –±–∞–∑–µ —Ç–µ—Ö–Ω–∏—á–µ—Å–∫–æ–≥–æ –∞–Ω–∞–ª–∏–∑–∞. –Ø –∞–Ω–∞–ª–∏–∑–∏—Ä—É—é 1500 –±—É–º–∞–≥ –∏ –æ—Ç–ø—Ä–∞–≤–ª—è—é —Å–∏–≥–Ω–∞–ª—ã –ø–æ –æ–¥–Ω–æ–π –∏–∑ –≤—ã–±—Ä–∞–Ω–Ω—ã—Ö –≤–∞–º–∏ —Å—Ç–∞—Ä—Ç–µ–≥–∏–π –≤ –ª—é–±–æ–µ —É–¥–æ–±–Ω–æ–µ –≤—Ä–µ–º—è. 
–î–ª—è –Ω–∞—á–∞–ª–∞ —Ä–∞–±–æ—Ç—ã –Ω–∞–∂–º–∏ /start",–î–∞–≤–∞–π —Ç–µ–ø–µ—Ä—å –≤—ã–±–µ—Ä–µ–º —Å—Ç—Ä–∞—Ç–µ–≥–∏—é –∏ –ø–æ–¥–∫–ª—é—á–∏–º –µ—ë.,–ü–µ—Ä–µ–ø—Ä–æ–¥–∞–Ω–Ω–æ—Å—Ç—å –ø–æ RSI,"–ù–∞–∂–º–∏ /strategy –¥–ª—è –≤—ã–±–æ—Ä–∞ –¥—Ä—É–≥–æ–π —Å—Ç—Ä–∞—Ç–µ–≥–∏–∏, –¥–ª—è –æ—Ç–∫–ª—é—á–µ–Ω–∏—è 
—Å–∏–≥–Ω–∞–ª–æ–≤ /off –∏–ª–∏ –æ–∂–∏–¥–∞–π –¥–æ—Å—Ç–∞–≤–∫–∏ –ø–µ—Ä–≤—ã—Ö —É–≤–µ–¥–æ–º–ª–µ–Ω–∏–π.

–£ —Ç–µ–±—è –ø–æ–¥–∫–ª—é—á–µ–Ω–∞ —Å—Ç—Ä–∞—Ç–µ–≥–∏—è –ü–µ—Ä–µ–ø—Ä–æ–¥–∞–Ω–Ω–æ—Å—Ç—å –Ω–∞ RSI. –û–∂–∏–¥–∞–µ–º–æ–µ –∫–æ–ª–∏—á–µ—Å—Ç–≤–æ —É–≤–µ–¥–æ–º–ª–µ–Ω–∏–π –≤ –¥–µ–Ω—å:
0-8
–ù–∞–±–æ—Ä –±—É–º–∞–≥ /stock: S&P 500
–í—Ä–µ–º—è –æ—Ç–ø—Ä–∞–≤–∫–∏ —Å–∏–≥–Ω–∞–ª–æ–≤ /time:
–í —Ç–µ—á–µ–Ω–∏–µ –≤—Å–µ–≥–æ —Ç–æ—Ä–≥–æ–≤–æ–≥–æ –¥–Ω—è",https://telegra.ph/Strategiya-Pereprodannost-po-RSI-05-05,–ö–∞–∫–∏–µ –±—É–º–∞–≥–∏ –≤—ã–±–∏—Ä–∞–µ–º?,"–í –∫–∞–∫–æ–µ –≤—Ä–µ–º—è –º–æ–≥—É—Ç –ø—Ä–∏—Ö–æ–¥–∏—Ç—å —É–≤–µ–¥–æ–º–ª–µ–Ω–∏—è? 

–í–≤–µ–¥–∏ –∏–Ω—Ç–µ—Ä–≤–∞–ª –æ—Ç 0 –¥–æ 23

–ü—Ä–∏–º–µ—Ä —Å–æ–æ–±—â–µ–Ω–∏—è:
8-13",–°–∏–≥–Ω–∞–ª—ã –≤—ã–∫–ª—é—á–µ–Ω—ã,"–ü–æ–∂–∞–ª—É–π—Å—Ç–∞, –æ—Ü–µ–Ω–∏—Ç–µ —Ä–∞–±–æ—Ç—É –¢–æ—Ä–≥–æ–≤–æ–≥–æ –±–æ—Ç–∞","–•–æ—Ä–æ—à–æ, –¥–∞–≤–∞–π –≤—ã–±–µ—Ä–µ–º –¥—Ä—É–≥—É—é —Å—Ç—Ä–∞—Ç–µ–≥–∏—é –∏ –ø–æ–¥–∫–ª—é—á–∏–º –µ—ë.",–í—Ä–µ–º—è –Ω–∞–ø–∏—Å–∞–Ω–æ –Ω–µ–∫–æ—Ä—Ä–µ–∫—Ç–Ω–æ,üî¥Sell
"–ù–∞ –¥–∞–Ω–Ω—ã–π –º–æ–º–µ–Ω—Ç —è —É–º–µ—é —Ä–∞–±–æ—Ç–∞—Ç—å —Ç–æ–ª—å–∫–æ —Å –¥–≤—É–º—è —Å—Ç—Ä–∞—Ç–µ–≥–∏—è–º–∏. –ù–∞–∂–º–∏ –Ω–∞ –Ω–∏—Ö, —á—Ç–æ–±—ã —É–∑–Ω–∞—Ç—å –±–æ–ª—å—à–µ: ‚Äú–ü–µ—Ä–µ–ø—Ä–æ–¥–∞–Ω–Ω–æ—Å—Ç—å –ø–æ RSI‚Äù ""–°—Ä–µ–¥–Ω–µ–µ —Å–∫–æ–ª—å–∑—è—â–µ–µ (cross-SMA)""",–ü–µ—Ä–µ–ø—Ä–æ–¥–∞–Ω–Ω–æ—Å—Ç—å –ø–æ RSI,–°—Ä–µ–¥–Ω–µ–µ —Å–∫–æ–ª—å–∑—è—â–µ–µ (cross-SMA),"–ù–∞–∂–º–∏ /strategy –¥–ª—è –≤—ã–±–æ—Ä–∞ –¥—Ä—É–≥–æ–π —Å—Ç—Ä–∞—Ç–µ–≥–∏–∏, –¥–ª—è –æ—Ç–∫–ª—é—á–µ–Ω–∏—è 
—Å–∏–≥–Ω–∞–ª–æ–≤ /off –∏–ª–∏ –æ–∂–∏–¥–∞–π –¥–æ—Å—Ç–∞–≤–∫–∏ –ø–µ—Ä–≤—ã—Ö —É–≤–µ–¥–æ–º–ª–µ–Ω–∏–π.

–£ —Ç–µ–±—è –ø–æ–¥–∫–ª—é—á–µ–Ω–∞ —Å—Ç—Ä–∞—Ç–µ–≥–∏—è –°—Ä–µ–¥–Ω–µ–µ —Å–∫–æ–ª—å–∑—è—â–µ–µ (cross-SMA). –û–∂–∏–¥–∞–µ–º–æ–µ –∫–æ–ª–∏—á–µ—Å—Ç–≤–æ —É–≤–µ–¥–æ–º–ª–µ–Ω–∏–π –≤ –¥–µ–Ω—å:
0-8
–ù–∞–±–æ—Ä –±—É–º–∞–≥ /stock: S&P 500
–í—Ä–µ–º—è –æ—Ç–ø—Ä–∞–≤–∫–∏ —Å–∏–≥–Ω–∞–ª–æ–≤ /time:
–í —Ç–µ—á–µ–Ω–∏–µ –≤—Å–µ–≥–æ —Ç–æ—Ä–≥–æ–≤–æ–≥–æ –¥–Ω—è",https://telegra.ph/Strategiya-Srednee-skolzyashchee-SMA-05-05,NASDAQ-100,–ë–µ–∑ –æ–≥—Ä–∞–Ω–∏—á–µ–Ω–∏–π. –£–≤–µ–¥–æ–º–ª–µ–Ω–∏—è –±—É–¥—É—Ç –ø—Ä–∏—Ö–æ–¥–∏—Ç—å –≤ –ª—é–±–æ–µ –≤—Ä–µ–º—è –¥–Ω—è –∏ –Ω–æ—á–∏,,–ú—ã –±—É–¥–µ–º —Ä–∞–¥—ã –ª—é–±—ã–º –≤–∞—à–∏–º –æ—Ç–∑—ã–≤–∞–º –∏ –ø—Ä–µ–¥–ª–æ–∂–µ–Ω–∏—è–º. –ü—Ä–æ—Å—Ç–æ –Ω–∞–ø–∏—à–∏—Ç–µ –∏—Ö –Ω–∏–∂–µ,,"–í–≤–µ–¥–∏ –∏–Ω—Ç–µ—Ä–≤–∞–ª –æ—Ç 0 –¥–æ 23

–ü—Ä–∏–º–µ—Ä —Å–æ–æ–±—â–µ–Ω–∏—è:
8-13",üü¢Buy
,–°—Ä–µ–¥–Ω–µ–µ —Å–∫–æ–ª—å–∑—è—â–µ–µ (cross-SMA),"–ê–≥–∞, –ø–æ–¥–∫–ª—é—á–∞—é —Å—Ç—Ä–∞—Ç–µ–≥–∏—é",,,S&P 500,,,,,–ë–µ–∑ –æ–≥—Ä–∞–Ω–∏—á–µ–Ω–∏–π,"‚ùì(–Ω–∞–∑–≤–∞–Ω–∏–µ –±—É–º–∞–≥–∏ –∫–æ—Ä–æ—Ç–∫–æ–µ) –Ω–∞–∑–≤–∞–Ω–∏–µ –±—É–º–∞–≥–∏ –¥–ª–∏–Ω–Ω–æ–µ, —Ü–µ–Ω–∞"
,–ü–æ —Å—Å—ã–ª–∫–∞–º –Ω–∏–∂–µ –≤—ã —Å–º–æ–∂–µ—Ç–µ —É–∑–Ω–∞—Ç—å –æ —Å—Ç—Ä–∞—Ç–µ–≥–∏—è—Ö –±–æ–ª—å—à–µ:,,,,–ö–æ–ª–∏—á–µ—Å—Ç–≤–æ –±—É–º–∞–≥ –∏–∑–º–µ–Ω–µ–Ω–æ,,,,,,üìçRSI –¥–æ—Å—Ç–∏–≥ –Ω–∏–∂–Ω–µ–≥–æ —É—Ä–æ–≤–Ω—è
,,,,,,,,,,,üìçRSI –¥–æ—Å—Ç–∏–≥ –≤–µ—Ä—Ö–Ω–µ–≥–æ —É—Ä–æ–≤–Ω—è
,,,,,,,,,,,üìç–ü–µ—Ä–µ—Å–µ—á–µ–Ω–∏–µ SMA –≤–Ω–∏–∑
,,,,,,,,,,,üìç–ü–µ—Ä–µ—Å–µ—á–µ–Ω–∏–µ SMA –≤–≤–µ—Ä—Ö
,,,,,,,,,,,–ö—É–ø–∏—Ç—å (–Ω–∞–∑–≤–∞–Ω–∏–µ –±—É–º–∞–≥–∏) –ø–æ (—Ü–µ–Ω–∞) –≤ –¢–∏–Ω—å–∫–æ—Ñ—Ñ –ò–Ω–≤–µ—Å—Ç–∏—Ü–∏—è—Ö